http://wsamselbaudat.pl/,200
http://przemek2940.pl/,200
http://rafalujma.pl/,200
http://laskobar.pl/,200
http://t-mike.pl/,200
http://programowanie.jgora.pl/,200
http://przychlast.pl/,200
http://saraczyz.pl/,200
http://konrad-wlodarczyk.pl/,200
http://runpython.pl/,200
http://kalafior.site,200
http://youras.pl/,200
https://flag.artbit.com.pl/,200
https://styxu.pl/,200
http://adrianeight.tech/,200
http://webdepp.net,200
http://kokopas.pl/,200
http://pawlowski-filip.online/,200
http://www.mikson.xyz,200
http://portfolio-syna-kolezanki.pl/,502
http://grah.pl/,CONNECTION ERROR
http://boringdev.pl,200
http://etyczne-dziennikarstwo.pl,200
https://free.riichi.bet/,200
http://aguled.pl/,200
http://xyder-dlgdaw.pl/,200
http://wulpi.pl/,200
http://domenafb.pl/,200
http://tenteteges.pl/,200
http://ekdevops.pl/,200
http://daco-python.pl/,200
http://pepiush.pl/,200
http://ebajabongo.pl/,200
http://mrozinscyolawa.pl/,200
http://www.jkubex.pl/,200
http://python-master.pl/,200
http://rafalsygut.pl/,502
http://zadaj.pythanie.pl/,200
http://optimistiksnek.pl/,200
http://konradptak.pl/,200
http://yabadabadoo.pl/,200
http://www.projekty-karoli.pl/,200
http://leniwiecc.pl/,200
http://cdk.wtf/,200
http://pawelpolaszk.pl/,200
http://jerryntom.pl/,200
http://rjgsite.pl/,200
http://studentmetina.pl/,200
http://ikosaedr.pl/,200
https://malinowapogoda.edu.pl/,200
http://tobitobisinski.pl/,502
http://python-programming-project.pl/,200
http://kung-fu-python.online/,404
http://alawicki.pl/,200
http://dbys.pl/,200
http://kingwaw.pl/,200
http://wetwater.pl/,200
http://mechatohiks.pl/,200
http://masterofdisaster.com.pl/,200
http://klasyd.pl/,200
http://www.reallynicethings.pl/,200
http://magnetofon.com.pl/,200
http://moje-programowanie.pl/,200
http://akarnas.pl/,200
http://coderiot.pl/,200
http://marcinxd.pl/,200
http://jstrozniak.pl/,200
http://blinkiemoon.pl/,200
http://dziaga.pl/,200
http://animuscreations.pl/,200
http://little-things.site/,200
http://ioutside.pl/,200
http://piotrleski.pl/,200
http://pythonowanie.pl/,200
http://kraina-zabawnego-chomika.pl/,200
http://www.kraina-zabawnego-chomika.pl/,200
http://czarny-czarlik.pl/,200
http://wyspany-jestem.com.pl/,200
http://cryptonft.com.pl/,200
http://mathewlg.pl/,200
http://www.karolinasliwa.pl/,200
http://paulinawierzchowskalublin.pl/,200
http://martyna-zalewska.pl/,200
http://ejdziewczyno.pl/,200
http://www.stronakaroliny.pl/,200
http://czapiewski.edu.pl/,200
http://kasiapolice82.pl/,200
http://www.moc5g.pl/,200
http://mexicanseafood.pl/,200
http://jokuna.pl/,200
http://mcbiru.pl/,200
http://danielrusak.pl/,200
http://xd.netadmins.pl/,200
http://dawidpawlas.pl/,200
http://marcinjanuszewski.pl/,200
http://arek-pe.pl/,200
http://różnerzeczy.pl,404
http://tomaszfigura-zpxd.pl/,200
http://niczekniczek.warszawa.pl/,200
http://oczywidzauszyslyszaustamilcza.pl/,200
http://aws.r80.pl/,200
http://aws.programista.warszawa.pl/,200
http://mamiya.pl/,CONNECTION ERROR
http://www.wyqp.pl/,200
http://gosiatesterka.pl/,200
http://www.faberze-litosci.pl/,200
https://walkiria.dev/,200
http://www.niezlyprojekt.com.pl/,200
http://www.info-project.pl/,200
http://raven-sxd.pl/,200
http://www.tomekpython.online/,200
http://remekgwc.pl/,200
http://gonecoding.pl/,200
http://www.przemekwrona.pl/,200
http://konradlapka.site/,CONNECTION ERROR
http://micsiw.pl/,200
http://www.balcerek.biz.pl/,CONNECTION ERROR
http://mateusz-wojaczek.pl/,200
http://kaaemes.pl/,200
http://www.sanlina89.pl/,200
http://www.gdziejestdawid.com.pl/,200
http://wojtek-lbn.pl/,200
http://emotyl.pl/,200
http://matjek.pl/,200
http://python-pocafasso.pl/,200
http://telusmikolaj.com/,200
http://www.trenertorun.pl/,200
http://brownmilleryt.pl/,200
http://zuzannaprzychoda.pl/,CONNECTION ERROR
http://joanna1984.pl/,200
http://krzysiek-xd.com.pl/,200
http://pmajek.online/,200
http://korneliusz-burian.pl/,200
http://www.admiral-benson.pl/,200
http://szatan-antas.pl/,200
http://trellomorelo.pl/,200
